{
  "metrics": {
    "mmd": 0.002259552478790283,
    "kl_divergence": 6.783927818925035,
    "mean_diff": 0.05716250464320183,
    "std_diff": 0.010736992582678795,
    "coverage_ratio": 1.0,
    "n_real": 2000,
    "n_generated": 2000
  },
  "plot_paths": {
    "scatter": "outputs/layer_4/scatter_comparison.png",
    "overlay": "outputs/layer_4/overlay_comparison.png"
  }
}