{
  "metrics": {
    "mmd": 0.0013421177864074707,
    "kl_divergence": 8.863222885719932,
    "mean_diff": 0.04042261838912964,
    "std_diff": 0.019687077030539513,
    "coverage_ratio": 1.0,
    "n_real": 2000,
    "n_generated": 2000
  },
  "plot_paths": {
    "scatter": "outputs/layer_4/scatter_comparison.png",
    "overlay": "outputs/layer_4/overlay_comparison.png"
  }
}