{
  "metrics": {
    "mmd": 0.0018815398216247559,
    "kl_divergence": 10.721037491816848,
    "mean_diff": 0.04590931907296181,
    "std_diff": 0.025546129792928696,
    "coverage_ratio": 1.0,
    "n_real": 2000,
    "n_generated": 2000
  },
  "plot_paths": {
    "scatter": "outputs/hidden_128/scatter_comparison.png",
    "overlay": "outputs/hidden_128/overlay_comparison.png"
  }
}