{
  "metrics": {
    "mmd": 0.002181708812713623,
    "kl_divergence": 9.07255961673788,
    "mean_diff": 0.046866804361343384,
    "std_diff": 0.036690711975097656,
    "coverage_ratio": 1.0,
    "n_real": 2000,
    "n_generated": 2000
  },
  "plot_paths": {
    "scatter": "outputs/layer_2/scatter_comparison.png",
    "overlay": "outputs/layer_2/overlay_comparison.png"
  }
}