{
  "metrics": {
    "mmd": 0.00849086046218872,
    "kl_divergence": 14.674328700337082,
    "mean_diff": 0.018021754920482635,
    "std_diff": 0.07148018479347229,
    "coverage_ratio": 1.0,
    "n_real": 2000,
    "n_generated": 2000
  },
  "plot_paths": {
    "scatter": "outputs/hidden_32/scatter_comparison.png",
    "overlay": "outputs/hidden_32/overlay_comparison.png"
  }
}