{
  "metrics": {
    "mmd": 0.0024937987327575684,
    "kl_divergence": 13.30760606683918,
    "mean_diff": 0.02617628313601017,
    "std_diff": 0.04145798832178116,
    "coverage_ratio": 1.0,
    "n_real": 2000,
    "n_generated": 2000
  },
  "plot_paths": {
    "scatter": "outputs/hidden_64/scatter_comparison.png",
    "overlay": "outputs/hidden_64/overlay_comparison.png"
  }
}