{
  "metrics": {
    "mmd": 0.0014033913612365723,
    "kl_divergence": 7.901019739060486,
    "mean_diff": 0.025540560483932495,
    "std_diff": 0.04368651658296585,
    "coverage_ratio": 1.0,
    "n_real": 2000,
    "n_generated": 2000
  },
  "plot_paths": {
    "scatter": "outputs/hidden_512/scatter_comparison.png",
    "overlay": "outputs/hidden_512/overlay_comparison.png"
  }
}