{
  "metrics": {
    "mmd": 0.00125199556350708,
    "kl_divergence": 8.772870977200247,
    "mean_diff": 0.0226831566542387,
    "std_diff": 0.036658838391304016,
    "coverage_ratio": 1.0,
    "n_real": 2000,
    "n_generated": 2000
  },
  "plot_paths": {
    "scatter": "outputs/hidden_256/scatter_comparison.png",
    "overlay": "outputs/hidden_256/overlay_comparison.png"
  }
}