{
  "metrics": {
    "mmd": 0.002958834171295166,
    "kl_divergence": 8.181836468205885,
    "mean_diff": 0.0881865844130516,
    "std_diff": 0.03907529637217522,
    "coverage_ratio": 1.0,
    "n_real": 2000,
    "n_generated": 2000
  },
  "plot_paths": {
    "scatter": "outputs/layer_5/scatter_comparison.png",
    "overlay": "outputs/layer_5/overlay_comparison.png"
  }
}