{
  "metrics": {
    "mmd": 0.0016970038414001465,
    "kl_divergence": 9.349209827503442,
    "mean_diff": 0.03852219134569168,
    "std_diff": 0.025114640593528748,
    "coverage_ratio": 1.0,
    "n_real": 2000,
    "n_generated": 2000
  },
  "plot_paths": {
    "scatter": "outputs/layer_3/scatter_comparison.png",
    "overlay": "outputs/layer_3/overlay_comparison.png"
  }
}