{
  "metrics": {
    "mmd": 0.0012683272361755371,
    "kl_divergence": 10.449766070155519,
    "mean_diff": 0.03137192502617836,
    "std_diff": 0.010912810452282429,
    "coverage_ratio": 1.0,
    "n_real": 2000,
    "n_generated": 2000
  },
  "plot_paths": {
    "scatter": "outputs/scatter_comparison.png",
    "overlay": "outputs/overlay_comparison.png"
  }
}