{
  "metrics": {
    "mmd": 0.008848905563354492,
    "kl_divergence": 14.005349207766832,
    "mean_diff": 0.042408693581819534,
    "std_diff": 0.07538583129644394,
    "coverage_ratio": 1.0,
    "n_real": 2000,
    "n_generated": 2000
  },
  "plot_paths": {
    "scatter": "outputs/layer_1/scatter_comparison.png",
    "overlay": "outputs/layer_1/overlay_comparison.png"
  }
}