{
  "metrics": {
    "mmd": 0.005500912666320801,
    "kl_divergence": 12.9195992705855,
    "mean_diff": 0.03891544044017792,
    "std_diff": 0.05883989855647087,
    "coverage_ratio": 1.0,
    "n_real": 2000,
    "n_generated": 2000
  },
  "plot_paths": {
    "scatter": "outputs/layer_1/scatter_comparison.png",
    "overlay": "outputs/layer_1/overlay_comparison.png"
  }
}